DATE,CSUSHPISA,HOUST,POPTHM,HSN1F,MSACSR,A229RX0,UNRATE,final_data,LFWA64TTUSM647S
1987-01-01,63.964,1774.0,241857.0,709,6.0,25467.0,6.6,63.964,153896.03140811
1987-02-01,64.423,1784.0,242005.0,732,6.2,25587.0,6.6,64.423,154094.745883803
1987-03-01,64.735,1726.0,242166.0,713,6.0,25602.0,6.6,64.735,154164.47498173802
1987-04-01,65.132,1614.0,242338.0,735,6.0,24623.0,6.3,65.132,154361.287723739
1987-05-01,65.564,1628.0,242516.0,651,6.7,25603.0,6.3,65.564,154502.17742264198
1987-06-01,66.072,1594.0,242706.0,637,6.9,25549.0,6.2,66.072,154617.531964375
1987-07-01,66.508,1575.0,242908.0,658,6.7,25598.0,6.1,66.508,154699.93868572402
1987-08-01,66.938,1605.0,243118.0,657,6.8,25684.0,6.0,66.938,154803.263656801
1987-09-01,67.33,1695.0,243335.0,666,6.8,25661.0,5.9,67.33,154936.58048366802
1987-10-01,67.737,1515.0,243543.0,650,6.8,25804.0,6.0,67.737,155022.663532774
1987-11-01,68.107,1656.0,243724.0,625,7.0,25885.0,5.8,68.107,155193.27483100301
1987-12-01,68.505,1400.0,243895.0,595,7.6,26099.0,5.7,68.505,155284.060214638
1988-01-01,68.858,1271.0,244056.0,585,7.5,26137.0,5.7,68.858,155405.989324714
1988-02-01,69.263,1473.0,244205.0,663,6.6,26273.0,5.7,69.263,155544.87620487
1988-03-01,69.638,1532.0,244362.0,669,6.6,26363.0,5.7,69.638,155609.750373265
1988-04-01,69.976,1573.0,244528.0,699,6.4,26436.0,5.4,69.976,155661.636426232
1988-05-01,70.426,1421.0,244708.0,684,6.6,26454.0,5.6,70.426,155806.17851042098
1988-06-01,70.889,1478.0,244914.0,717,6.2,26529.0,5.4,70.889,155996.04449216402
1988-07-01,71.355,1467.0,245131.0,679,6.6,26616.0,5.4,71.355,156091.603932241
1988-08-01,71.8,1493.0,245352.0,688,6.6,26667.0,5.6,71.8,156152.991843042
1988-09-01,72.241,1492.0,245579.0,703,6.5,26694.0,5.4,72.241,156281.838298413
1988-10-01,72.63600000000002,1522.0,245789.0,718,6.0,26813.0,5.4,72.63600000000002,156364.864243021
1988-11-01,73.07300000000002,1569.0,245970.0,628,7.2,26802.0,5.3,73.07300000000002,156458.23273051198
1988-12-01,73.464,1563.0,246140.0,658,6.8,26916.0,5.3,73.464,156556.138717438
1989-01-01,73.946,1621.0,246301.0,719,6.2,27013.0,5.4,73.946,156742.88249599902
1989-02-01,74.382,1425.0,246454.0,622,7.5,27077.0,5.2,74.382,156876.120874927
1989-03-01,74.778,1422.0,246626.0,567,8.2,27194.0,5.0,74.778,156973.56439200402
1989-04-01,75.085,1339.0,246814.0,608,7.4,27034.0,5.2,75.085,156903.160966861
1989-05-01,75.307,1331.0,247010.0,656,7.1,26888.0,5.2,75.307,156981.510984496
1989-06-01,75.48,1397.0,247228.0,642,7.2,26941.0,5.3,75.48,157082.966791305
1989-07-01,75.658,1427.0,247458.0,731,6.1,27010.0,5.2,75.658,157147.122892205
1989-08-01,75.835,1332.0,247695.0,697,6.4,27056.0,5.2,75.835,157271.156405445
1989-09-01,76.056,1279.0,247942.0,639,7.1,27110.0,5.3,76.056,157512.382001125
1989-10-01,76.283,1410.0,248174.0,645,6.9,27218.0,5.3,76.283,157556.545055631
1989-11-01,76.52199999999998,1351.0,248380.0,684,6.6,27221.0,5.4,76.52199999999998,157682.23802093198
1989-12-01,76.705,1251.0,248569.0,630,7.0,27201.0,5.4,76.705,157825.578261075
1990-01-01,76.89699999999998,1551.0,248743.0,620,7.0,27341.0,5.4,76.89699999999998,159330.280973326
1990-02-01,77.053,1437.0,248920.0,591,7.6,27379.0,5.3,77.053,159505.204171997
1990-03-01,77.20100000000002,1289.0,249146.0,574,7.8,27361.0,5.2,77.20100000000002,159563.31483269
1990-04-01,77.277,1248.0,249436.0,542,8.3,27505.0,5.4,77.277,159631.12007397698
1990-05-01,77.296,1212.0,249707.0,534,8.2,27442.0,5.4,77.296,159654.455372183
1990-06-01,77.258,1177.0,249990.0,545,7.9,27450.0,5.2,77.258,159778.241229716
1990-07-01,77.138,1171.0,250285.0,542,7.8,27513.0,5.5,77.138,159814.842582159
1990-08-01,77.009,1115.0,250595.0,528,8.2,27306.0,5.7,77.009,159972.241649916
1990-09-01,76.85,1110.0,250904.0,496,8.4,27259.0,5.9,76.85,160245.245822894
1990-10-01,76.699,1014.0,251201.0,465,8.7,27004.0,5.9,76.699,160333.997010991
1990-11-01,76.37100000000002,1145.0,251486.0,493,8.2,26980.0,6.2,76.37100000000002,160564.272656538
1990-12-01,76.184,969.0,251758.0,464,8.5,27106.0,6.3,76.184,160714.832336299
1991-01-01,75.916,798.0,252012.0,401,9.4,27001.0,6.4,75.916,160510.12970757802
1991-02-01,75.735,965.0,252253.0,482,7.9,27013.0,6.6,75.735,160617.107770457
1991-03-01,75.57,921.0,252507.0,507,7.3,27029.0,6.8,75.57,160835.33482669402
1991-04-01,75.565,1001.0,252778.0,508,7.3,27105.0,6.7,75.565,160861.17995005302
1991-05-01,75.765,996.0,253060.0,517,7.0,27080.0,6.9,75.765,161035.730682304
1991-06-01,75.993,1036.0,253350.0,516,7.0,27190.0,6.9,75.993,161129.156307439
1991-07-01,76.083,1063.0,253650.0,511,7.1,27105.0,6.8,76.083,161179.794658231
1991-08-01,76.109,1049.0,253966.0,526,6.8,27135.0,6.9,76.109,161394.21552288698
1991-09-01,76.194,1015.0,254280.0,487,7.4,27177.0,6.9,76.194,161638.41041192302
1991-10-01,76.075,1079.0,254576.0,524,6.7,27187.0,7.0,76.075,161725.800969646
1991-11-01,76.015,1103.0,254841.0,575,6.2,27202.0,7.0,76.015,161890.451985603
1991-12-01,76.056,1079.0,255089.0,558,6.2,27425.0,7.3,76.056,162028.838406295
1992-01-01,76.086,1176.0,255331.0,676,5.2,27671.0,7.3,76.086,161723.457526025
1992-02-01,76.155,1250.0,255576.0,639,4.9,27772.0,7.4,76.155,161889.743822828
1992-03-01,76.27600000000002,1297.0,255848.0,553,6.1,27772.0,7.4,76.27600000000002,162085.70884685198
1992-04-01,76.346,1099.0,256139.0,546,6.1,27824.0,7.4,76.346,162325.167455739
1992-05-01,76.399,1214.0,256437.0,554,6.0,27925.0,7.6,76.399,162461.216505023
1992-06-01,76.332,1145.0,256742.0,596,5.6,28012.0,7.8,76.332,162381.503776884
1992-07-01,76.264,1139.0,257063.0,627,5.3,27958.0,7.7,76.264,162478.23285956698
1992-08-01,76.23,1226.0,257390.0,636,5.2,28023.0,7.6,76.23,162846.242093703
1992-09-01,76.23899999999998,1186.0,257704.0,650,5.0,27860.0,7.6,76.23899999999998,163128.311178323
1992-10-01,76.376,1244.0,258004.0,621,5.1,27649.0,7.3,76.376,163254.561354287
1992-11-01,76.559,1214.0,258280.0,614,5.4,27662.0,7.4,76.559,163365.451740224
1992-12-01,76.675,1227.0,258546.0,650,5.0,28618.0,7.4,76.675,163497.230858865
1993-01-01,76.78399999999998,1210.0,258799.0,596,5.4,27966.0,7.3,76.78399999999998,163316.34977176
1993-02-01,76.837,1210.0,259036.0,604,5.3,28073.0,7.1,76.837,163490.575243855
1993-03-01,76.868,1083.0,259283.0,602,5.4,27959.0,7.0,76.868,163627.124419357
1993-04-01,76.937,1258.0,259547.0,701,4.7,28075.0,7.1,76.937,163894.714671422
1993-05-01,77.038,1260.0,259822.0,626,5.3,28005.0,7.1,77.038,164036.226704817
1993-06-01,77.243,1280.0,260109.0,653,5.2,27923.0,7.0,77.243,164029.592974625
1993-07-01,77.429,1254.0,260411.0,655,5.3,27961.0,6.9,77.429,164175.605630634
1993-08-01,77.613,1300.0,260717.0,645,5.5,27968.0,6.8,77.613,164415.76782422198
1993-09-01,77.795,1343.0,261015.0,726,4.9,27860.0,6.7,77.795,164620.953068412
1993-10-01,77.942,1392.0,261294.0,704,5.0,27694.0,6.8,77.942,164809.534675978
1993-11-01,78.149,1376.0,261550.0,769,4.8,27744.0,6.6,78.149,164888.53028253198
1993-12-01,78.32600000000002,1533.0,261796.0,812,4.5,28662.0,6.5,78.32600000000002,165047.713526675
1994-01-01,78.592,1272.0,262021.0,619,5.9,28101.0,6.6,78.592,165009.785398158
1994-02-01,78.72800000000002,1337.0,262237.0,686,5.0,28132.0,6.6,78.72800000000002,165177.944623127
1994-03-01,78.85600000000002,1564.0,262491.0,747,4.8,28198.0,6.5,78.85600000000002,165355.819482396
1994-04-01,78.987,1465.0,262754.0,692,5.2,28171.0,6.4,78.987,165488.106239624
1994-05-01,79.222,1526.0,263014.0,691,5.3,28468.0,6.1,79.222,165610.79552959802
1994-06-01,79.423,1409.0,263294.0,621,6.2,28392.0,6.1,79.423,165727.552429471
1994-07-01,79.596,1439.0,263580.0,628,6.3,28385.0,6.1,79.596,165858.182647982
1994-08-01,79.782,1450.0,263871.0,656,6.1,28387.0,6.0,79.782,165943.97864871
1994-09-01,79.92,1474.0,264159.0,677,6.0,28480.0,5.9,79.92,166126.161810467
1994-10-01,80.065,1450.0,264430.0,715,5.6,28721.0,5.8,80.065,166301.300046165
1994-11-01,80.15,1511.0,264681.0,646,6.3,28693.0,5.6,80.15,166368.621445185
1994-12-01,80.297,1455.0,264924.0,629,6.6,28797.0,5.5,80.297,166567.736478418
1995-01-01,80.42699999999998,1407.0,265157.0,626,6.8,28865.0,5.6,80.42699999999998,166504.74943101598
1995-02-01,80.529,1316.0,265383.0,559,7.3,28898.0,5.4,80.529,166652.796420532
1995-03-01,80.6,1249.0,265625.0,616,6.8,28952.0,5.4,80.6,166738.62048729
1995-04-01,80.661,1267.0,265877.0,621,6.7,28711.0,5.8,80.661,166922.201602714
1995-05-01,80.703,1314.0,266134.0,674,6.3,28974.0,5.6,80.703,166943.746103002
1995-06-01,80.786,1281.0,266414.0,725,5.8,29030.0,5.6,80.786,167045.60175032
1995-07-01,80.938,1461.0,266700.0,765,5.6,29064.0,5.7,80.938,167167.835744226
1995-08-01,81.111,1416.0,266998.0,701,6.1,29051.0,5.7,81.111,167316.509414094
1995-09-01,81.307,1369.0,267304.0,678,6.3,29113.0,5.6,81.307,167460.312376704
1995-10-01,81.483,1369.0,267585.0,696,6.3,29115.0,5.5,81.483,167599.978118436
1995-11-01,81.62,1452.0,267829.0,664,6.8,29169.0,5.6,81.62,167665.182692575
1995-12-01,81.737,1431.0,268047.0,709,6.4,29185.0,5.6,81.737,167867.76011863
1996-01-01,81.835,1467.0,268258.0,714,6.4,29202.0,5.6,81.835,167866.42676054
1996-02-01,81.954,1491.0,268480.0,769,5.3,29404.0,5.5,81.954,168067.002472783
1996-03-01,82.195,1424.0,268724.0,721,6.2,29472.0,5.5,82.195,168260.56537010698
1996-04-01,82.421,1516.0,268980.0,736,6.0,29267.0,5.6,82.421,168547.963029389
1996-05-01,82.611,1504.0,269247.0,746,5.9,29609.0,5.6,82.611,168675.730139168
1996-06-01,82.75299999999999,1467.0,269527.0,721,6.0,29757.0,5.3,82.75299999999999,168832.193826768
1996-07-01,82.929,1472.0,269822.0,770,5.7,29647.0,5.5,82.929,168909.54498836
1996-08-01,83.087,1557.0,270130.0,826,5.0,29689.0,5.1,83.087,169072.007623359
1996-09-01,83.257,1475.0,270433.0,770,5.2,29725.0,5.2,83.257,169248.992479951
1996-10-01,83.37799999999999,1392.0,270730.0,720,5.6,29691.0,5.2,83.37799999999999,169382.16416969802
1996-11-01,83.553,1489.0,271002.0,771,5.2,29742.0,5.4,83.553,169539.092872595
1996-12-01,83.72200000000002,1370.0,271243.0,805,5.0,29817.0,5.4,83.72200000000002,169739.114129985
1997-01-01,83.956,1355.0,271472.0,830,4.7,29877.0,5.3,83.956,170275.95898976902
1997-02-01,84.181,1486.0,271703.0,801,4.5,29935.0,5.2,84.181,170444.9627046
1997-03-01,84.45299999999997,1457.0,271952.0,831,4.1,30050.0,5.2,84.45299999999997,170698.224745967
1997-04-01,84.62299999999998,1492.0,272213.0,744,4.7,30043.0,5.1,84.62299999999998,170763.734644645
1997-05-01,84.86200000000002,1442.0,272482.0,760,4.6,30146.0,4.9,84.86200000000002,170971.579505957
1997-06-01,85.081,1494.0,272767.0,793,4.4,30211.0,5.0,85.081,171111.353998765
1997-07-01,85.33200000000002,1437.0,273074.0,805,4.4,30291.0,4.9,85.33200000000002,171230.772373802
1997-08-01,85.574,1390.0,273395.0,815,4.3,30412.0,4.8,85.574,171346.676789017
1997-09-01,85.851,1546.0,273703.0,840,4.2,30458.0,4.9,85.851,171482.23085481
1997-10-01,86.147,1520.0,273989.0,800,4.3,30577.0,4.7,86.147,171630.351707759
1997-11-01,86.632,1510.0,274249.0,864,3.9,30745.0,4.6,86.632,171824.484301214
1997-12-01,87.09299999999998,1566.0,274499.0,793,4.4,30894.0,4.7,87.09299999999998,171967.22303621902
1998-01-01,87.616,1525.0,274732.0,872,4.0,31139.0,4.6,87.616,172111.221835262
1998-02-01,88.00299999999999,1584.0,274943.0,866,3.9,31312.0,4.6,88.00299999999999,172277.616790483
1998-03-01,88.44200000000002,1567.0,275175.0,836,4.1,31465.0,4.7,88.44200000000002,172388.22556879
1998-04-01,88.87899999999998,1540.0,275434.0,866,4.0,31534.0,4.3,88.87899999999998,172571.19469356802
1998-05-01,89.36399999999998,1536.0,275700.0,887,3.9,31632.0,4.4,89.36399999999998,172764.206377222
1998-06-01,89.845,1641.0,275976.0,923,3.8,31780.0,4.5,89.845,172934.894058851
1998-07-01,90.31,1698.0,276266.0,876,4.0,31803.0,4.5,90.31,173073.112823661
1998-08-01,90.786,1614.0,276566.0,846,4.1,31871.0,4.5,90.786,173229.30932625599
1998-09-01,91.259,1582.0,276859.0,864,4.1,31931.0,4.6,91.259,173365.08628287
1998-10-01,91.718,1715.0,277140.0,893,4.0,31945.0,4.5,91.71799999999999,173532.091764257
1998-11-01,92.2,1660.0,277402.0,995,3.5,32047.0,4.4,92.2,173797.311644993
1998-12-01,92.712,1792.0,277658.0,949,3.8,32080.0,4.4,92.712,173933.944909306
1999-01-01,93.208,1748.0,277891.0,875,3.9,32230.0,4.3,93.208,174439.311892846
1999-02-01,93.672,1670.0,278095.0,848,4.0,32319.0,4.4,93.67200000000001,174549.43330344
1999-03-01,94.218,1710.0,278324.0,863,4.1,32325.0,4.2,94.21799999999999,174692.873941364
1999-04-01,94.785,1553.0,278584.0,918,3.9,32195.0,4.3,94.785,174761.754839761
1999-05-01,95.345,1611.0,278859.0,888,4.0,32225.0,4.2,95.345,174987.498742274
1999-06-01,95.976,1559.0,279148.0,923,3.9,32306.0,4.3,95.976,175225.235392258
1999-07-01,96.592,1669.0,279448.0,900,4.0,32338.0,4.3,96.59200000000001,175393.002931329
1999-08-01,97.219,1648.0,279752.0,893,4.0,32444.0,4.2,97.219,175550.42999506902
1999-09-01,97.863,1635.0,280053.0,826,4.5,32373.0,4.2,97.863,175632.569906745
1999-10-01,98.523,1608.0,280337.0,872,4.2,32522.0,4.1,98.523,175900.462830639
1999-11-01,99.155,1648.0,280594.0,863,4.3,32706.0,4.1,99.155,176065.175871397
1999-12-01,99.845,1708.0,280846.0,873,4.3,32931.0,4.0,99.845,176246.38972648
2000-01-01,100.552,1636.0,281083.0,873,4.3,33119.0,4.0,100.552,178282.59180519302
2000-02-01,101.339,1737.0,281299.0,856,4.3,33222.0,4.1,101.339,178329.793949074
2000-03-01,102.127,1604.0,281531.0,900,4.3,33284.0,4.0,102.12700000000001,178392.53561769103
2000-04-01,102.923,1626.0,281763.0,841,4.4,33426.0,3.8,102.92299999999999,178577.636074543
2000-05-01,103.678,1575.0,281996.0,857,4.4,33537.0,4.0,103.678,178729.11763690898
2000-06-01,104.424,1559.0,282247.0,793,4.8,33599.0,4.0,104.42399999999999,179060.906721878
2000-07-01,105.055,1463.0,282504.0,887,4.1,33746.0,4.0,105.055,179337.505869996
2000-08-01,105.769,1541.0,282769.0,848,4.4,33920.0,4.1,105.76899999999999,179410.36431367602
2000-09-01,106.538,1507.0,283033.0,912,4.0,33924.0,3.9,106.538,179573.718198646
2000-10-01,107.383,1549.0,283285.0,933,4.0,33985.0,3.9,107.383,179763.33978087897
2000-11-01,108.302,1551.0,283523.0,880,4.2,33965.0,3.9,108.302,179932.90124090802
2000-12-01,109.14,1532.0,283748.0,983,3.6,34001.0,3.9,109.14,180132.906217206
2001-01-01,109.846,1600.0,283960.0,936,3.8,34151.0,4.2,109.846,180407.530469305
2001-02-01,110.5,1625.0,284166.0,963,3.7,34166.0,4.2,110.5,180563.038672641
2001-03-01,111.109,1590.0,284380.0,939,3.8,34228.0,4.3,111.109,180624.05634589898
2001-04-01,111.651,1649.0,284602.0,909,3.9,34100.0,4.4,111.65100000000001,180901.831925277
2001-05-01,112.164,1605.0,284834.0,885,4.0,33988.0,4.3,112.164,181016.668489782
2001-06-01,112.796,1636.0,285076.0,882,4.2,33954.0,4.5,112.796,181362.349733103
2001-07-01,113.491,1670.0,285324.0,880,4.2,34420.0,4.6,113.491,181625.62563479398
2001-08-01,114.168,1567.0,285584.0,866,4.4,34953.0,4.9,114.16799999999999,181844.247347695
2001-09-01,114.812,1562.0,285842.0,853,4.4,34622.0,5.0,114.81200000000001,182057.51814827198
2001-10-01,115.31,1540.0,286086.0,871,4.3,33984.0,5.3,115.31,182241.541886476
2001-11-01,115.856,1602.0,286315.0,924,4.1,33995.0,5.5,115.85600000000001,182437.687238544
2001-12-01,116.455,1568.0,286533.0,979,3.8,34028.0,5.7,116.455,182638.73736767398
2002-01-01,117.144,1698.0,286739.0,880,4.2,34707.0,5.7,117.14399999999999,182561.778090205
2002-02-01,117.845,1829.0,286935.0,948,4.0,34735.0,5.7,117.845,182786.181259262
2002-03-01,118.687,1642.0,287131.0,923,4.1,34734.0,5.7,118.68700000000001,183079.02629806302
2002-04-01,119.61,1592.0,287343.0,936,4.3,34827.0,5.9,119.61,183251.61811886603
2002-05-01,120.724,1764.0,287571.0,978,4.0,34941.0,5.8,120.72399999999999,183510.10843537698
2002-06-01,121.813,1717.0,287808.0,957,4.2,35018.0,5.8,121.81299999999999,183676.319163672
2002-07-01,122.889,1655.0,288051.0,956,4.2,34902.0,5.8,122.889,183896.41267563
2002-08-01,123.831,1633.0,288303.0,1014,4.0,34882.0,5.7,123.831,184171.82809060698
2002-09-01,124.78,1804.0,288554.0,1044,3.9,34892.0,5.7,124.78,184418.763493835
2002-10-01,125.734,1648.0,288794.0,1006,4.0,34964.0,5.7,125.734,184554.11550360397
2002-11-01,126.669,1753.0,289012.0,1024,4.0,35031.0,5.9,126.669,184750.02191590398
2002-12-01,127.622,1788.0,289214.0,1048,4.0,35090.0,6.0,127.62200000000001,184856.861401029
2003-01-01,128.461,1853.0,289412.0,999,4.0,35015.0,5.8,128.461,185629.08801144
2003-02-01,129.356,1629.0,289606.0,936,4.5,34867.0,5.9,129.356,185860.286097894
2003-03-01,130.148,1726.0,289809.0,999,4.1,34925.0,5.9,130.148,186082.41151643198
2003-04-01,130.884,1643.0,290024.0,1012,4.1,35105.0,6.0,130.884,186471.158199882
2003-05-01,131.735,1751.0,290250.0,1078,3.9,35353.0,6.1,131.735,186654.45600096
2003-06-01,132.649,1867.0,290484.0,1193,3.5,35428.0,6.3,132.649,186807.735996608
2003-07-01,133.77700000000002,1897.0,290726.0,1168,3.6,35826.0,6.2,133.77700000000002,187075.399254021
2003-08-01,134.968,1833.0,290974.0,1206,3.5,36043.0,6.1,134.968,187313.707276157
2003-09-01,136.29399999999998,1939.0,291222.0,1131,3.8,35605.0,6.1,136.29399999999998,187539.66321739397
2003-10-01,137.533,1967.0,291463.0,1144,3.8,35711.0,6.0,137.533,187738.1592034
2003-11-01,138.795,2083.0,291677.0,1093,4.1,35899.0,5.8,138.795,187974.12466571
2003-12-01,140.18,2057.0,291868.0,1129,4.0,35903.0,5.7,140.18,188131.650219793
2004-01-01,141.64700000000005,1911.0,292046.0,1165,3.8,35860.0,5.7,141.64700000000005,187680.740300649
2004-02-01,143.19299999999996,1846.0,292230.0,1159,3.7,35901.0,5.6,143.19299999999996,187871.25315096602
2004-03-01,145.059,1998.0,292434.0,1276,3.6,36020.0,5.8,145.059,188055.85696337302
2004-04-01,146.593,2003.0,292651.0,1186,4.0,36117.0,5.6,146.593,188321.67669026
2004-05-01,148.185,1981.0,292872.0,1241,3.8,36273.0,5.6,148.185,188482.574872454
2004-06-01,149.85,1828.0,293103.0,1180,3.9,36273.0,5.6,149.85,188693.589705728
2004-07-01,151.338,2002.0,293350.0,1088,4.5,36332.0,5.5,151.338,188844.86220483
2004-08-01,152.63299999999995,2024.0,293603.0,1175,4.3,36422.0,5.4,152.63299999999995,189073.56376552602
2004-09-01,154.179,1905.0,293857.0,1214,4.1,36417.0,5.4,154.179,189221.845030212
2004-10-01,155.75,2072.0,294104.0,1305,3.9,36407.0,5.5,155.75,189446.318548203
2004-11-01,157.52700000000004,1782.0,294337.0,1179,4.3,36276.0,5.4,157.52700000000004,189654.382766488
2004-12-01,159.329,2042.0,294561.0,1242,4.1,37591.0,5.4,159.329,189808.86436444602
2005-01-01,161.28799999999995,2144.0,294768.0,1203,4.4,36199.0,5.3,161.28799999999995,189985.21103412102
2005-02-01,163.343,2207.0,294955.0,1319,4.3,36199.0,5.4,163.343,190144.71969462
2005-03-01,165.812,1864.0,295149.0,1328,4.1,36312.0,5.2,165.812,190466.35065755897
2005-04-01,167.50099999999995,2061.0,295359.0,1260,4.3,36403.0,5.2,167.50099999999995,190460.98907104103
2005-05-01,169.35,2025.0,295582.0,1286,4.2,36537.0,5.1,169.35,190715.821332487
2005-06-01,171.19,2068.0,295824.0,1274,4.3,36591.0,5.0,171.19,190964.125257498
2005-07-01,172.86,2054.0,296077.0,1389,4.2,36609.0,5.0,172.86,191118.07113879698
2005-08-01,174.442,2095.0,296338.0,1255,4.5,36636.0,4.9,174.442,191264.388077428
2005-09-01,176.438,2151.0,296606.0,1244,4.7,36465.0,5.0,176.438,191443.280921912
2005-10-01,178.028,2065.0,296857.0,1336,4.5,36617.0,5.0,178.028,191656.829027361
2005-11-01,179.68099999999995,2147.0,297089.0,1214,5.0,36817.0,5.0,179.68099999999995,191931.82766875
2005-12-01,180.91,1994.0,297311.0,1239,4.9,36918.0,4.9,180.91,192144.312056658
2006-01-01,182.32,2273.0,297526.0,1174,5.3,37297.0,4.7,182.32,192346.442735817
2006-02-01,183.287,2119.0,297734.0,1061,6.1,37454.0,4.8,183.287,192545.873186325
2006-03-01,184.364,1969.0,297950.0,1116,5.9,37576.0,4.7,184.364,192685.89647496399
2006-04-01,184.329,1821.0,298170.0,1123,6.3,37530.0,4.7,184.329,192819.48758686398
2006-05-01,184.156,1942.0,298401.0,1086,6.2,37475.0,4.6,184.15599999999998,192918.77062756103
2006-06-01,183.507,1802.0,298653.0,1074,6.3,37496.0,4.6,183.507,193148.933584098
2006-07-01,183.068,1737.0,298910.0,965,7.3,37457.0,4.7,183.06799999999998,193319.77681756
2006-08-01,182.594,1650.0,299178.0,1035,6.7,37401.0,4.7,182.59400000000002,193455.96463873898
2006-09-01,182.799,1720.0,299452.0,1016,6.7,37576.0,4.5,182.799,193561.314714098
2006-10-01,183.2,1491.0,299710.0,941,7.3,37723.0,4.4,183.2,193703.13565176
2006-11-01,183.61,1570.0,299950.0,1003,6.6,37850.0,4.5,183.61,193945.98050674802
2006-12-01,184.14,1649.0,300178.0,998,6.5,38000.0,4.4,184.14,194178.389785295
2007-01-01,184.518,1409.0,300398.0,891,7.2,37962.0,4.6,184.518,194945.95588051897
2007-02-01,184.599,1480.0,300608.0,828,7.9,38055.0,4.5,184.59900000000002,195132.25752221397
2007-03-01,184.15,1495.0,300823.0,833,7.9,38145.0,4.4,184.15,195232.823965722
2007-04-01,183.011,1490.0,301045.0,887,7.4,38167.0,4.5,183.011,195289.472023618
2007-05-01,181.602,1415.0,301278.0,842,7.8,38156.0,4.4,181.602,195384.14585504
2007-06-01,180.254,1448.0,301528.0,793,8.2,38101.0,4.6,180.25400000000002,195627.740312869
2007-07-01,179.111,1354.0,301790.0,778,8.3,38107.0,4.7,179.111,195765.010173373
2007-08-01,178.11700000000005,1330.0,302064.0,699,9.2,38092.0,4.6,178.11700000000005,195850.58436936
2007-09-01,177.558,1183.0,302334.0,686,9.2,38127.0,4.7,177.558,195984.840584583
2007-10-01,176.62400000000005,1264.0,302590.0,727,8.5,38083.0,4.7,176.62400000000005,196077.580387609
2007-11-01,175.14700000000005,1197.0,302834.0,641,9.4,38015.0,4.7,175.14700000000005,196217.31575366
2007-12-01,174.342,1037.0,303062.0,619,9.6,38118.0,5.0,174.342,196455.86487110698
2008-01-01,173.13299999999995,1084.0,303280.0,627,9.3,38095.0,5.0,173.13299999999995,196087.00438759
2008-02-01,171.542,1103.0,303494.0,593,9.7,38049.0,4.9,171.542,196244.8551965
2008-03-01,170.054,1005.0,303707.0,535,10.5,38015.0,5.1,170.054,196415.492933584
2008-04-01,168.338,1013.0,303926.0,536,10.3,37841.0,5.0,168.338,196178.315444981
2008-05-01,166.65900000000005,973.0,304157.0,504,10.7,39653.0,5.4,166.65900000000005,196466.48471598397
2008-06-01,165.018,1046.0,304396.0,487,10.7,38619.0,5.6,165.018,196570.867486188
2008-07-01,163.56799999999996,923.0,304646.0,477,10.5,37992.0,5.8,163.56799999999996,196669.416588455
2008-08-01,161.99,844.0,304903.0,435,11.3,37739.0,6.1,161.99,196806.061241495
2008-09-01,160.309,820.0,305158.0,433,10.9,37789.0,6.1,160.309,196981.56639646398
2008-10-01,158.328,777.0,305403.0,393,11.6,38037.0,6.5,158.328,197144.153111441
2008-11-01,156.143,652.0,305620.0,389,11.4,38328.0,6.8,156.143,197281.22229409302
2008-12-01,153.618,560.0,305827.0,377,11.2,38111.0,7.3,153.618,197453.578966853
2009-01-01,151.505,490.0,306035.0,336,12.2,38290.0,7.8,151.505,196965.067360817
2009-02-01,150.013,582.0,306237.0,372,10.5,37875.0,8.3,150.013,197144.99279582102
2009-03-01,148.66,505.0,306438.0,339,11.0,37833.0,8.7,148.66,197308.05470342102
2009-04-01,147.94899999999996,478.0,306645.0,337,10.7,38025.0,9.0,147.94899999999996,197761.386647305
2009-05-01,147.695,540.0,306863.0,376,9.3,38541.0,9.4,147.695,197889.966205854
2009-06-01,148.09,585.0,307090.0,393,8.5,37809.0,9.5,148.09,197600.88551245
2009-07-01,148.411,594.0,307322.0,411,7.9,37616.0,9.5,148.411,197760.35515204302
2009-08-01,148.27700000000004,586.0,307570.0,418,7.5,37515.0,9.6,148.27700000000004,198107.325441541
2009-09-01,148.025,585.0,307826.0,386,7.8,37596.0,9.8,148.025,198362.07910224103
2009-10-01,147.849,534.0,308071.0,396,7.4,37453.0,10.0,147.849,198620.394389205
2009-11-01,148.13299999999995,588.0,308289.0,375,7.6,37533.0,9.9,148.13299999999995,198619.268764331
2009-12-01,147.928,581.0,308495.0,352,8.0,37699.0,9.9,147.928,198629.772487595
2010-01-01,147.395,614.0,308706.0,345,8.1,37721.0,9.8,147.395,198075.386318442
2010-02-01,145.632,604.0,308904.0,336,8.3,37732.0,9.8,145.632,198342.751105758
2010-03-01,145.86,636.0,309095.0,381,7.1,37859.0,9.9,145.86,198660.534980367
2010-04-01,146.40200000000004,687.0,309289.0,422,6.2,38151.0,9.9,146.40200000000004,199102.886512816
2010-05-01,146.393,583.0,309485.0,280,9.3,38412.0,9.6,146.393,199218.52865189602
2010-06-01,145.719,536.0,309691.0,305,8.3,38409.0,9.4,145.719,198996.333548691
2010-07-01,144.988,546.0,309913.0,283,8.9,38433.0,9.4,144.988,199101.29826631802
2010-08-01,143.911,599.0,310146.0,282,8.8,38529.0,9.5,143.911,199351.149368571
2010-09-01,143.015,594.0,310385.0,317,7.6,38499.0,9.5,143.015,199589.439652166
2010-10-01,142.528,543.0,310612.0,291,8.2,38474.0,9.4,142.528,199863.30806288
2010-11-01,142.172,545.0,310820.0,287,8.2,38481.0,9.8,142.172,199939.112705627
2010-12-01,142.063,539.0,311020.0,326,7.0,38680.0,9.3,142.063,199965.05171205
2011-01-01,141.526,630.0,311204.0,307,7.3,38831.0,9.1,141.526,199079.284145515
2011-02-01,140.355,517.0,311373.0,270,8.1,38915.0,9.0,140.355,199341.555230747
2011-03-01,139.987,600.0,311551.0,300,7.2,38784.0,9.0,139.987,199529.898698355
2011-04-01,140.011,554.0,311740.0,310,6.7,38690.0,9.1,140.011,199944.29622707897
2011-05-01,139.904,561.0,311935.0,305,6.6,38608.0,9.0,139.904,200041.301574876
2011-06-01,139.86,608.0,312147.0,301,6.6,38725.0,9.1,139.86,199916.95635027398
2011-07-01,139.72899999999998,623.0,312372.0,296,6.7,38828.0,9.0,139.72899999999998,200022.87459678602
2011-08-01,139.30700000000002,585.0,312605.0,299,6.5,38773.0,9.0,139.30700000000002,200117.61562308398
2011-09-01,138.668,650.0,312842.0,304,6.3,38691.0,9.0,138.668,200260.217410664
2011-10-01,137.953,610.0,313060.0,316,6.0,38705.0,8.8,137.953,200457.79671371897
2011-11-01,137.155,711.0,313260.0,328,5.7,38666.0,8.6,137.155,200418.06176620602
2011-12-01,136.67600000000002,694.0,313454.0,341,5.3,39008.0,8.5,136.67600000000002,200416.759541148
2012-01-01,136.609,723.0,313636.0,335,5.3,39253.0,8.3,136.609,201016.12501129802
2012-02-01,136.533,704.0,313811.0,366,4.8,39466.0,8.3,136.533,201119.307425901
2012-03-01,137.906,695.0,313993.0,354,4.9,39590.0,8.2,137.906,201205.067171084
2012-04-01,139.157,753.0,314176.0,354,4.9,39744.0,8.2,139.157,201470.13195391398
2012-05-01,140.158,708.0,314368.0,370,4.7,39731.0,8.2,140.158,201505.490128818
2012-06-01,141.03,757.0,314576.0,360,4.8,39681.0,8.2,141.03,201440.526656438
2012-07-01,141.66899999999995,740.0,314796.0,369,4.6,39380.0,8.2,141.66899999999995,201436.58773482198
2012-08-01,142.279,754.0,315031.0,375,4.6,39248.0,8.1,142.279,201507.11203071897
2012-09-01,142.909,847.0,315264.0,385,4.5,39501.0,7.8,142.909,201623.379289595
2012-10-01,143.602,915.0,315485.0,358,4.9,39743.0,7.8,143.602,201722.290642988
2012-11-01,144.586,833.0,315692.0,392,4.6,40238.0,7.7,144.586,201775.25717192198
2012-12-01,145.504,976.0,315877.0,399,4.5,41192.0,7.9,145.504,201886.25597214102
2013-01-01,146.835,888.0,316038.0,446,4.0,38789.0,8.0,146.835,201739.829619717
2013-02-01,147.784,962.0,316191.0,447,4.1,38663.0,7.7,147.784,201891.21187565802
2013-03-01,149.965,1010.0,316357.0,444,4.2,38760.0,7.5,149.965,202104.41286897
2013-04-01,151.52100000000004,835.0,316535.0,441,4.4,38855.0,7.6,151.52100000000004,202101.30729723602
2013-05-01,152.852,930.0,316729.0,428,4.6,39019.0,7.5,152.852,202293.145405444
2013-06-01,154.194,839.0,316934.0,470,4.1,39004.0,7.5,154.194,202331.368706378
2013-07-01,155.602,880.0,317156.0,375,5.5,38942.0,7.3,155.602,202342.236240842
2013-08-01,156.97,917.0,317397.0,381,5.5,39003.0,7.2,156.97,202438.871245172
2013-09-01,158.231,850.0,317635.0,403,5.4,39137.0,7.2,158.231,202611.661952245
2013-10-01,159.243,925.0,317864.0,444,4.9,38995.0,7.2,159.243,202641.091741495
2013-11-01,160.07299999999995,1100.0,318076.0,446,5.0,39067.0,6.9,160.07299999999995,202712.215861332
2013-12-01,160.996,1002.0,318276.0,433,5.2,39125.0,6.7,160.996,202723.63362197
2014-01-01,161.94299999999996,888.0,318464.0,443,5.1,39292.0,6.6,161.94299999999996,202492.528277108
2014-02-01,162.528,944.0,318642.0,420,5.3,39478.0,6.7,162.528,202572.270561865
2014-03-01,163.091,970.0,318827.0,405,5.6,39672.0,6.7,163.091,202693.93246736602
2014-04-01,163.398,1043.0,319020.0,403,5.7,39806.0,6.2,163.398,202793.26663739802
2014-05-01,163.665,1007.0,319225.0,451,5.2,39925.0,6.3,163.665,202917.57199037302
2014-06-01,164.046,911.0,319438.0,418,5.7,40062.0,6.1,164.046,203089.101014676
2014-07-01,164.572,1085.0,319670.0,402,6.2,40151.0,6.2,164.572,203114.62136417
2014-08-01,165.22,984.0,319919.0,456,5.4,40311.0,6.1,165.22,203216.178651734
2014-09-01,165.91,1023.0,320166.0,470,5.4,40413.0,5.9,165.91,203260.663587852
2014-10-01,166.645,1074.0,320403.0,476,5.3,40559.0,5.7,166.645,203289.134116517
2014-11-01,167.33700000000005,1001.0,320616.0,442,5.7,40743.0,5.8,167.33700000000005,203384.474815341
2014-12-01,168.05900000000003,1073.0,320815.0,497,5.1,40991.0,5.6,168.05900000000003,203421.630829366
2015-01-01,168.658,1085.0,320997.0,515,4.8,41199.0,5.7,168.658,203878.86768229603
2015-02-01,169.138,886.0,321164.0,540,4.5,41324.0,5.5,169.138,203942.39856366397
2015-03-01,169.81,960.0,321344.0,480,5.1,41182.0,5.4,169.81,204003.469101252
2015-04-01,170.30900000000003,1190.0,321538.0,502,4.9,41248.0,5.4,170.30900000000003,204005.104702086
2015-05-01,170.892,1079.0,321740.0,502,5.0,41290.0,5.6,170.892,204227.084169645
2015-06-01,171.44400000000005,1205.0,321954.0,480,5.4,41288.0,5.3,171.44400000000005,204415.55230867397
2015-07-01,172.123,1146.0,322186.0,506,5.2,41355.0,5.2,172.123,204507.386343616
2015-08-01,172.94400000000005,1130.0,322427.0,518,5.0,41420.0,5.1,172.94400000000005,204564.34420079
2015-09-01,173.838,1224.0,322670.0,456,5.9,41504.0,5.0,173.838,204540.585658988
2015-10-01,174.80200000000005,1058.0,322901.0,482,5.6,41560.0,5.0,174.80200000000005,204588.22898424102
2015-11-01,175.74900000000005,1172.0,323113.0,504,5.5,41526.0,5.1,175.74900000000005,204621.695384425
2015-12-01,176.56,1146.0,323318.0,546,5.1,41699.0,5.0,176.56,204714.109800503
2016-01-01,177.297,1092.0,323509.0,505,5.6,41827.0,4.8,177.297,205105.94016509398
2016-02-01,177.65900000000005,1225.0,323687.0,517,5.5,41850.0,4.9,177.65900000000005,205162.17927908897
2016-03-01,178.18099999999995,1111.0,323871.0,532,5.5,41829.0,5.0,178.18099999999995,205298.661843162
2016-04-01,178.78599999999997,1163.0,324061.0,576,5.0,41727.0,5.1,178.78599999999997,205221.56899488802
2016-05-01,179.45,1148.0,324260.0,571,5.1,41680.0,4.8,179.45,205440.64094463398
2016-06-01,180.06400000000005,1203.0,324476.0,557,5.3,41672.0,4.9,180.06400000000005,205610.772884498
2016-07-01,180.837,1239.0,324697.0,628,4.5,41784.0,4.8,180.83700000000002,205725.004036255
2016-08-01,181.866,1171.0,324924.0,575,5.0,41791.0,4.9,181.86599999999999,205728.44656295603
2016-09-01,182.836,1068.0,325155.0,558,5.2,41852.0,5.0,182.83599999999998,205759.94241106103
2016-10-01,183.76,1313.0,325368.0,575,5.2,41884.0,4.9,183.76,205830.26829853
2016-11-01,184.758,1140.0,325562.0,571,5.2,41952.0,4.7,184.75799999999998,205823.31873702398
2016-12-01,185.711,1252.0,325742.0,561,5.4,42013.0,4.7,185.71099999999998,205940.270913019
2017-01-01,186.792,1190.0,325901.0,573,5.4,42182.0,4.7,186.792,205342.380606121
2017-02-01,187.295,1271.0,326050.0,587,5.3,42274.0,4.6,187.295,205350.43735467398
2017-03-01,188.002,1190.0,326207.0,632,5.0,42428.0,4.4,188.002,205263.971637527
2017-04-01,188.777,1146.0,326371.0,598,5.4,42481.0,4.4,188.77700000000002,205383.12628723602
2017-05-01,189.696,1157.0,326548.0,635,5.1,42742.0,4.4,189.696,205503.232393215
2017-06-01,190.529,1249.0,326743.0,619,5.3,42724.0,4.3,190.52900000000002,205689.175163273
2017-07-01,191.478,1206.0,326939.0,572,5.8,42809.0,4.3,191.47799999999998,205742.360069351
2017-08-01,192.71,1159.0,327140.0,556,6.1,42806.0,4.4,192.71,205732.18711072602
2017-09-01,193.777,1181.0,327342.0,637,5.3,42834.0,4.3,193.77700000000002,205704.974436765
2017-10-01,194.791,1257.0,327528.0,626,5.5,42895.0,4.2,194.791,205675.289867668
2017-11-01,195.906,1273.0,327699.0,711,4.8,42907.0,4.2,195.90599999999998,205664.44646685
2017-12-01,197.08900000000003,1177.0,327848.0,630,5.6,42950.0,4.1,197.08900000000003,205789.445006417
2018-01-01,198.205,1301.0,327969.0,610,5.7,43217.0,4.0,198.205,206345.410781106
2018-02-01,199.146,1279.0,328085.0,618,5.7,43277.0,4.1,199.146,206309.865522299
2018-03-01,199.967,1324.0,328219.0,670,5.3,43392.0,4.0,199.967,206378.409333501
2018-04-01,200.781,1286.0,328364.0,655,5.5,43476.0,4.0,200.78099999999998,206259.909257151
2018-05-01,201.624,1358.0,328521.0,674,5.4,43591.0,3.8,201.62400000000002,206531.230786157
2018-06-01,202.359,1199.0,328692.0,631,5.9,43733.0,4.0,202.359,206666.61053853
2018-07-01,203.008,1199.0,328863.0,611,6.2,43909.0,3.8,203.00799999999998,206660.142241635
2018-08-01,203.781,1289.0,329040.0,592,6.5,44053.0,3.8,203.78099999999998,206671.866660745
2018-09-01,204.367,1247.0,329216.0,589,6.6,44031.0,3.7,204.36700000000002,206653.62157276602
2018-10-01,205.056,1220.0,329379.0,567,7.0,44150.0,3.8,205.05599999999998,206617.82409337102
2018-11-01,205.551,1177.0,329527.0,600,6.7,44272.0,3.8,205.551,206637.51173825102
2018-12-01,205.957,1089.0,329659.0,550,7.5,44814.0,3.9,205.957,206740.244952228
2019-01-01,206.289,1232.0,329766.0,599,6.9,44854.0,4.0,206.28900000000002,206202.08744771802
2019-02-01,206.674,1129.0,329862.0,638,6.4,44974.0,3.8,206.674,206162.95751493398
2019-03-01,207.05900000000003,1200.0,329977.0,702,5.8,44985.0,3.8,207.05900000000003,206102.710286173
2019-04-01,207.747,1280.0,330103.0,698,5.7,44870.0,3.6,207.747,206173.913937532
2019-05-01,208.526,1308.0,330240.0,620,6.5,44860.0,3.6,208.52599999999998,206469.997878762
2019-06-01,208.946,1235.0,330393.0,753,5.3,44920.0,3.6,208.946,206578.817680435
2019-07-01,209.473,1232.0,330553.0,674,5.8,44991.0,3.7,209.47299999999998,206411.083790965
2019-08-01,210.246,1370.0,330729.0,699,5.6,45234.0,3.7,210.24599999999998,206412.99198241
2019-09-01,210.95,1297.0,330904.0,719,5.4,45332.0,3.5,210.95,206336.097650799
2019-10-01,211.652,1328.0,331066.0,714,5.4,45376.0,3.6,211.65200000000002,206229.64394794698
2019-11-01,212.575,1343.0,331213.0,694,5.6,45542.0,3.6,212.575,206292.673421397
2019-12-01,213.567,1538.0,331345.0,688,5.6,45325.0,3.6,213.567,206351.543707335
2020-01-01,214.538,1569.0,331443.0,708,5.5,45708.0,3.5,214.53799999999998,205754.623310196
2020-02-01,215.529,1571.0,331525.0,690,5.7,45948.0,3.5,215.52900000000002,205617.154744384
2020-03-01,216.398,1270.0,331633.0,610,6.5,45256.0,4.4,216.398,205438.662071115
2020-04-01,217.193,938.0,331680.0,582,6.7,51997.0,14.7,217.19299999999998,206858.37790744
2020-05-01,217.61900000000003,1055.0,331678.0,706,5.3,49516.0,13.2,217.61900000000003,206852.172347882
2020-06-01,218.143,1269.0,331718.0,922,3.9,49055.0,11.0,218.143,205525.430223504
2020-07-01,219.682,1510.0,331777.0,1007,3.5,49347.0,10.2,219.68200000000002,205369.414397427
2020-08-01,222.6,1376.0,331839.0,1036,3.3,47430.0,8.4,222.6,205787.75769675302
2020-09-01,225.906,1461.0,331907.0,991,3.4,47603.0,7.9,225.90599999999998,206142.26475055897
2020-10-01,229.492,1530.0,331971.0,1001,3.4,47381.0,6.9,229.49200000000002,206065.291014665
2020-11-01,232.865,1541.0,331996.0,851,4.1,46755.0,6.7,232.865,206127.516121345
2020-12-01,235.888,1651.0,331968.0,871,4.1,46801.0,6.7,235.888,205987.559844295
2021-01-01,238.845,1602.0,331943.0,911,4.0,51512.0,6.4,238.845,204980.96591978
2021-02-01,241.828,1430.0,331950.0,768,4.8,47184.0,6.2,241.828,204946.20881508602
2021-03-01,245.48,1711.0,331953.0,881,4.2,57881.0,6.0,245.48,204998.553716243
2021-04-01,249.679,1505.0,331963.0,809,4.7,48996.0,6.0,249.679,205358.19277909
2021-05-01,254.442,1605.0,332008.0,740,5.4,47560.0,5.8,254.442,205648.53508690602
2021-06-01,259.222,1664.0,332092.0,714,5.8,47302.0,5.9,259.222,205399.441246667
2021-07-01,263.282,1573.0,332192.0,726,6.0,47629.0,5.4,263.282,205342.26524384602
2021-08-01,267.144,1576.0,332295.0,686,6.5,47555.0,5.2,267.144,205351.28201272
2021-09-01,270.47700000000003,1559.0,332403.0,732,6.1,46871.0,4.7,270.47700000000003,205471.273904581
2021-10-01,273.268,1563.0,332513.0,671,6.9,46870.0,4.6,273.268,205358.674574987
2021-11-01,276.66200000000003,1706.0,332598.0,756,6.2,46733.0,4.2,276.66200000000003,205278.718399035
2021-12-01,280.411,1768.0,332640.0,839,5.6,46548.0,3.9,280.411,205218.264079056
2022-01-01,284.818,1666.0,332684.0,831,5.7,45502.0,4.0,284.818,207197.042742887
2022-02-01,290.343,1777.0,332750.0,790,6.0,45456.0,3.8,290.343,207161.454226283
2022-03-01,296.415,1716.0,332812.0,707,7.0,45263.0,3.6,296.415,206971.925056747
2022-04-01,301.324,1805.0,332863.0,619,8.4,45229.0,3.6,301.324,207095.24482244698
2022-05-01,305.312,1562.0,332928.0,636,8.3,45164.0,3.6,305.312,207320.514665832
2022-06-01,306.0420000000001,1575.0,333028.0,571,9.4,44960.0,3.6,306.0420000000001,207434.551359627
2022-07-01,304.3640000000001,1377.0,333137.0,543,10.1,45178.0,3.5,304.3640000000001,207424.934866334
2022-08-01,301.601,1508.0,333240.0,661,8.3,45194.0,3.7,301.601,207376.478650904
2022-09-01,299.324,1488.0,333347.0,588,9.4,45169.0,3.5,299.324,207440.677660256
